CAS No.,Source
(111-48-8),australia group
(10025-87-3),australia group
(756-79-6),australia group
(676-99-3),australia group
(676-97-1),australia group
(868-85-9),australia group
(7719-12-2),australia group
(121-45-9),australia group
(7719-09-7),australia group
(3554-74-3),australia group
(96-79-7),australia group
(5842-07-9),australia group
(1619-34-7),australia group
(7789-23-3),australia group
(107-07-3),australia group
(124-40-3),australia group
(78-38-6),australia group
(2404-03-7),australia group
(762-04-9),australia group
(506-59-2),australia group
(1498-40-4),australia group
(1066-50-8),australia group
(753-98-0),australia group
(7664-39-3),australia group
(76-89-1),australia group
(676-83-5),australia group
(96-80-0),australia group
(464-07-3),australia group
(57856-11-8),australia group
(122-52-1),australia group
(7784-34-1),australia group
(76-93-7),australia group
(15715-41-0),australia group
(6163-75-3),australia group
(430-78-4),australia group
(753-59-3),australia group
(3731-38-2),australia group
(10026-13-8),australia group
(75-97-8),australia group
(151-50-8),australia group
(7789-29-9),australia group
(1341-49-7),australia group
(1333-83-1),australia group
(7681-49-4),australia group
(143-33-9),australia group
(102-71-6),australia group
(1314-80-3),australia group
(108-18-9),australia group
(100-37-8),australia group
(1313-82-2),australia group
(10025-67-9),australia group
(10545-99-0),australia group
(637-39-8),australia group
(4261-68-1),australia group
(993-13-5),australia group
(683-08-9),australia group
(677-43-0),australia group
(116-17-6),australia group
(139-87-7),australia group
(2465-65-8),australia group
(298-06-6),australia group
(16893-85-9),australia group
(676-98-2),australia group
(109-89-7),australia group
(41480-75-5),australia group
(677-24-7),australia group
(1498-51-7),australia group
(22382-13-4),australia group
(460-52-6),australia group
(589-57-1),australia group
(754-01-8),australia group
(762-77-6),australia group
(44205-42-7),australia group
(90324-67-7),australia group
(48044-20-8),australia group
(857522-08-8),australia group
(2909-14-0),australia group
(14277-06-6),australia group
(1339586-99-0),australia group
(56776-14-8),australia group
(84764-73-8),australia group
(1341496-89-6),australia group
(1340437-35-5),australia group
(53510-30-8),australia group
(1342422-35-8),australia group
(1315467-17-4),australia group
(321881-25-8),australia group
(1342789-47-2),australia group
(1342700-45-1),australia group
(107-44-8),OPCW schedule 1
(96-64-0),OPCW schedule 1
(77-81-6),OPCW schedule 1
(50782-69-9),OPCW schedule 1
(2625-76-5),OPCW schedule 1
(505-60-2),OPCW schedule 1
(63869-13-6),OPCW schedule 1
(3563-36-8),OPCW schedule 1
(63905-10-2),OPCW schedule 1
(142868-93-7),OPCW schedule 1
(142868-94-8),OPCW schedule 1
(63918-90-1),OPCW schedule 1
(63918-89-8),OPCW schedule 1
(541-25-3),OPCW schedule 1
(40334-69-8),OPCW schedule 1
(40334-70-1),OPCW schedule 1
(538-07-8),OPCW schedule 1
(51-75-2),OPCW schedule 1
(555-77-1),OPCW schedule 1
(35523-89-8),OPCW schedule 1
(9009-86-3),OPCW schedule 1
(2387495-99-8),OPCW schedule 1
(2387496-12-8),OPCW schedule 1
(2387496-00-4),OPCW schedule 1
(2387496-04-8),OPCW schedule 1
(2387496-06-0),OPCW schedule 1
(2387496-14-0),OPCW schedule 1
(77104-62-2),OPCW schedule 1
(77104-00-8),OPCW schedule 1
(676-99-3),OPCW schedule 1
(57856-11-8),OPCW schedule 1
(1445-76-7),OPCW schedule 1
(7040-57-5),OPCW schedule 1
(382-21-8),OPCW schedule 2
(6581-06-2),OPCW schedule 2
(676-97-1),OPCW schedule 2
(756-79-6),OPCW schedule 2
(7784-34-1),OPCW schedule 2
(76-93-7),OPCW schedule 2
(1619-34-7),OPCW schedule 2
(111-48-8),OPCW schedule 2
(464-07-3),OPCW schedule 2
(75-44-5),OPCW schedule 3
(506-77-4),OPCW schedule 3
(74-90-8),OPCW schedule 3
(76-06-2),OPCW schedule 3
(10025-87-3),OPCW schedule 3
(7719-12-2),OPCW schedule 3
(10026-13-8),OPCW schedule 3
(121-45-9),OPCW schedule 3
(122-52-1),OPCW schedule 3
(868-85-9),OPCW schedule 3
(762-04-9),OPCW schedule 3
(10025-67-9),OPCW schedule 3
(10545-99-0),OPCW schedule 3
(7719-09-7),OPCW schedule 3
(139-87-7),OPCW schedule 3
(105-59-9),OPCW schedule 3
(102-71-6),OPCW schedule 3
